Face,Type,Gender
01F_AN_C.BMP,N,F
01F_DI_O.BMP,N,F
01F_SA_C.BMP,N,F
02F_AN_O.BMP,N,F
02F_SA_C.BMP,N,F
05F_AN_C.BMP,N,F
05F_AN_O.BMP,N,F
05F_DI_O.BMP,N,F
05F_SA_C.BMP,N,F
06F_DI_C.BMP,N,F
06F_DI_O.BMP,N,F
07F_AN_C.BMP,N,F
07F_AN_O.BMP,N,F
07F_DI_O.BMP,N,F
07F_SA_C.BMP,N,F
08F_AN_O.BMP,N,F
08F_DI_O.BMP,N,F
09F_DI_C.BMP,N,F
09F_DI_O.BMP,N,F
09F_SA_C.BMP,N,F
09F_AN_C.BMP,N,F
09F_AN_O.BMP,N,F
08F_AN_C.BMP,N,F
01F_HA_C.BMP,P,F
01F_HA_O.BMP,P,F
01F_HA_X.BMP,P,F
02F_HA_C.BMP,P,F
02F_HA_O.BMP,P,F
02F_HA_X.BMP,P,F
05F_HA_C.BMP,P,F
05F_HA_O.BMP,P,F
05F_HA_X.BMP,P,F
06F_HA_C.BMP,P,F
06F_HA_O.BMP,P,F
07F_HA_C.BMP,P,F
07F_HA_O.BMP,P,F
07F_HA_X.BMP,P,F
08F_HA_C.BMP,P,F
08F_HA_O.BMP,P,F
08F_HA_X.BMP,P,F
09F_HA_C.BMP,P,F
09F_HA_O.BMP,P,F
09F_HA_X.BMP,P,F
10F_HA_O.BMP,P,F
03F_HA_O.BMP,P,F
03F_HA_X.BMP,P,F
01F_NE_C.BMP,X,F
02F_NE_C.BMP,X,F
05F_NE_C.BMP,X,F
07F_NE_C.BMP,X,F
05F_NE_O.BMP,X,F
09F_NE_C.BMP,X,F
07F_NE_O.BMP,X,F
06F_NE_C.BMP,X,F
20M_AN_C.BMP,N,M
20M_DI_O.BMP,N,M
20M_SA_C.BMP,N,M
21M_AN_O.BMP,N,M
21M_DI_C.BMP,N,M
21M_DI_O.BMP,N,M
22M_AN_C.BMP,N,M
22M_DI_C.BMP,N,M
22M_DI_O.BMP,N,M
23M_AN_O.BMP,N,M
23M_DI_C.BMP,N,M
26M_AN_C.BMP,N,M
26M_DI_O.BMP,N,M
26M_SA_C.BMP,N,M
27M_DI_C.BMP,N,M
27M_DI_O.BMP,N,M
27M_SA_C.BMP,N,M
28M_DI_C.BMP,N,M
28M_DI_O.BMP,N,M
27M_SA_C.BMP,N,M
31M_DI_C.BMP,N,M
35M_AN_O.BMP,N,M
35M_DI_O.BMP,N,M
20M_HA_O.BMP,P,M
20M_HA_X.BMP,P,M
21M_HA_C.BMP,P,M
21M_HA_O.BMP,P,M
21M_HA_X.BMP,P,M
22M_HA_C.BMP,P,M
22M_HA_O.BMP,P,M
22M_HA_X.BMP,P,M
23M_HA_C.BMP,P,M
23M_HA_O.BMP,P,M
23M_HA_X.BMP,P,M
26M_HA_C.BMP,P,M
26M_HA_O.BMP,P,M
26M_HA_X.BMP,P,M
27M_HA_O.BMP,P,M
27M_HA_X.BMP,P,M
20M_HA_C.BMP,P,M
31M_HA_O.BMP,P,M
35M_HA_O.BMP,P,M
28M_HA_C.BMP,P,M
28M_HA_O.BMP,P,M
28M_HA_X.BMP,P,M
30M_HA_O.BMP,P,M
20M_NE_C.BMP,X,M
21M_NE_C.BMP,X,M
22M_NE_C.BMP,X,M
26M_NE_O.BMP,X,M
27M_NE_C.BMP,X,M
30M_NE_C.BMP,X,M
31M_NE_C.BMP,X,M
35M_NE_C.BMP,X,M
